{"stats":{"minecraft:picked_up":{"minecraft:spruce_log":7,"minecraft:dirt":3},"minecraft:mined":{"minecraft:large_fern":1,"pamhc2trees:pamfig":3,"minecraft:grass_block":3,"minecraft:spruce_leaves":1,"minecraft:spruce_log":7},"minecraft:custom":{"minecraft:jump":16,"minecraft:time_since_rest":1794,"minecraft:deaths":1,"minecraft:play_time":9902,"minecraft:damage_taken":250,"minecraft:time_since_death":2433,"minecraft:walk_one_cm":21688,"minecraft:total_world_time":9902,"minecraft:fall_one_cm":335,"minecraft:fly_one_cm":180,"minecraft:sprint_one_cm":808},"minecraft:crafted":{"minecraft:crafting_table":1,"minecraft:spruce_planks":28},"minecraft:used":{"tombstone:gift":2},"minecraft:killed_by":{"alexsmobs:grizzly_bear":1}},"DataVersion":3465}